[{"Units":14,"Item":"T3T1","emailId":"varm@gmail.com","phoneNo":7744534892,"flatNo":"C3","Name":"Varghese","ID":"1"},{"Units":20,"Item":"T3T1","emailId":"sarath@live.com","phoneNo":8563859532,"flatNo":"E4","Name":"Sarath","ID":"2"},{"Units":6,"Item":"L4F5","emailId":"vidhy@gmail.com","phoneNo":9349546784,"flatNo":"A1","Name":"Vidhya","ID":"3"},{"Units":11,"Item":"B3J2","emailId":"govind@yahoo.com","phoneNo":9856748619,"flatNo":"F3","Name":"Govind","ID":"4"},{"Units":3,"Item":"L4F5","emailId":"shefton@gmail.com","phoneNo":7389123456,"flatNo":"D2","Name":"Shefton","ID":"5"},{"Units":17,"Item":"T3T1","emailId":"nazar@outlook.com","phoneNo":8899331234,"flatNo":"A4","Name":"Nazreen","ID":"6"},{"Units":12,"Item":"C2L2","emailId":"homer@rocketmail.com","phoneNo":9456238765,"flatNo":"B2","Name":"Homer","ID":"7"},{"Units":14,"Item":"S3A2","emailId":"baily@gmail.com","phoneNo":7487643486,"flatNo":"G1","Name":"Baily","ID":"8"},{"Units":5,"Item":"C2L2","emailId":"aaron@rocketmail.com","phoneNo":8514328576,"flatNo":"H2","Name":"Aaron","ID":"9"},{"Units":20,"Item":"S3A2","emailId":"cherl@live.com","phoneNo":9182736454,"flatNo":"G4","Name":"Cherl","ID":"10"}]