<edmx:Edmx Version="1.0" xmlns:edmx="http://schemas.microsoft.com/ado/2007/06/edmx" xmlns:m="http://schemas.microsoft.com/ado/2007/08/dataservices/metadata" xmlns:sap="http://www.sap.com/Protocols/SAPData">
    <edmx:DataServices m:DataServiceVersion="2.0">
        <Schema Namespace="8f2c3abb071a1bef0dc79bbd" xml:lang="en" sap:schema-version="0000" xmlns="http://schemas.microsoft.com/ado/2008/09/edm">
            <EntityContainer Name="8f2c3abb071a1bef0dc79bbd_Entities" m:IsDefaultEntityContainer="true">
                <EntitySet Name="CollectionListSet" EntityType="8f2c3abb071a1bef0dc79bbd.CollectionList" sap:creatable="true" sap:updatable="true" sap:deletable="true"/>
                <EntitySet Name="MonthlyProduceSet" EntityType="8f2c3abb071a1bef0dc79bbd.MonthlyProduce" sap:creatable="true" sap:updatable="true" sap:deletable="true"/>
                <EntitySet Name="flatlistSet" EntityType="8f2c3abb071a1bef0dc79bbd.flatlist" sap:creatable="true" sap:updatable="true" sap:deletable="true"/>
                <EntitySet Name="producePercentSet" EntityType="8f2c3abb071a1bef0dc79bbd.producePercent" sap:creatable="true" sap:updatable="true" sap:deletable="true"/>
            </EntityContainer>
            <EntityType Name="CollectionList">
                <Key>
                    <PropertyRef Name="ID"/>
                </Key>
                <Property Name="ID" Type="Edm.String" sap:creatable="true" sap:updatable="true" sap:deletable="true" sap:label="ID"/>
                <Property Name="Society" Type="Edm.String" sap:creatable="true" sap:updatable="true" sap:deletable="true" sap:label="Society"/>
                <Property Name="Block" Type="Edm.String" sap:creatable="true" sap:updatable="true" sap:deletable="true" sap:label="Block"/>
                <Property Name="Area" Type="Edm.String" sap:creatable="true" sap:updatable="true" sap:deletable="true" sap:label="Area"/>
                <Property Name="PinCode" Type="Edm.String" sap:creatable="true" sap:updatable="true" sap:deletable="true" sap:label="PinCode"/>
                <Property Name="Count" Type="Edm.Decimal" sap:creatable="true" sap:updatable="true" sap:deletable="true" sap:label="Count"/>
            </EntityType>
            <EntityType Name="MonthlyProduce">
                <Key>
                    <PropertyRef Name="ID"/>
                </Key>
                <Property Name="ID" Type="Edm.String" sap:creatable="true" sap:updatable="true" sap:deletable="true" sap:label="ID"/>
                <Property Name="Produce" Type="Edm.Decimal" sap:creatable="true" sap:updatable="true" sap:deletable="true" sap:label="Produce"/>
                <Property Name="Date" Type="Edm.DateTime" sap:creatable="true" sap:updatable="true" sap:deletable="true" sap:display-format="Date" sap:label="Date"/>
            </EntityType>
            <EntityType Name="flatlist">
                <Key>
                    <PropertyRef Name="ID"/>
                </Key>
                <Property Name="ID" Type="Edm.String" sap:creatable="true" sap:updatable="true" sap:deletable="true" sap:label="ID"/>
                <Property Name="Name" Type="Edm.String" sap:creatable="true" sap:updatable="true" sap:deletable="true" sap:label="Name"/>
                <Property Name="flatNo" Type="Edm.String" sap:creatable="true" sap:updatable="true" sap:deletable="true" sap:label="flatNo"/>
                <Property Name="phoneNo" Type="Edm.Decimal" sap:creatable="true" sap:updatable="true" sap:deletable="true" sap:label="phoneNo"/>
                <Property Name="emailId" Type="Edm.String" sap:creatable="true" sap:updatable="true" sap:deletable="true" sap:label="emailId"/>
                <Property Name="Item" Type="Edm.String" sap:creatable="true" sap:updatable="true" sap:deletable="true" sap:label="Item"/>
                <Property Name="Units" Type="Edm.Decimal" sap:creatable="true" sap:updatable="true" sap:deletable="true" sap:label="Units"/>
            </EntityType>
            <EntityType Name="producePercent">
                <Key>
                    <PropertyRef Name="ID"/>
                </Key>
                <Property Name="ID" Type="Edm.String" sap:creatable="true" sap:updatable="true" sap:deletable="true" sap:label="ID"/>
                <Property Name="Type" Type="Edm.String" sap:creatable="true" sap:updatable="true" sap:deletable="true" sap:label="Type"/>
                <Property Name="Percentage" Type="Edm.Decimal" sap:creatable="true" sap:updatable="true" sap:deletable="true" sap:label="Percentage"/>
                <Property Name="Crop" Type="Edm.String" sap:creatable="true" sap:updatable="true" sap:deletable="true" sap:label="Crop"/>
            </EntityType>
        </Schema>
    </edmx:DataServices>
</edmx:Edmx>
